text,class
Now all @Apple has to do is get swype on the iphone and it will be crack. Iphone that is,1
@Apple will be adding more carrier support to the iPhone 4S (just announced),1
Hilarious @youtube video - guy does a duet with @apple 's Siri. Pretty much sums up the love affair! http://t.co/8ExbnQjY,1
@RIM you made it too easy for me to switch to @Apple iPhone. See ya!,1
I just realized that the reason I got into twitter was ios5 thanks @apple,1
I'm a current @Blackberry user little bit disappointed with it! Should I move to @Android or @Apple @iphone,1
The 16 strangest things Siri has said so far. I am SOOO glad that @Apple gave Siri a sense of humor! http://t.co/TWAeUDBp via @HappyPlace,1
Great up close & personal event @Apple tonight in Regent St store!,1
From which companies do you experience the best customer service aside from @zappos and @apple?,1
Just apply for a job at @Apple hope they call me lol,1
RT @JamaicanIdler: Lmao I think @apple is onto something magical! I am DYING!!! haha. Siri suggested where to find whores and where to h ...,1
Lmao I think @apple is onto something magical! I am DYING!!! haha. Siri suggested where to find whores and where to hide a body lolol,1
RT @PhillipRowntree: Just registered as an @apple developer... Here's hoping I can actually do it... Any help greatly appreciated!,1
Wow. Great deals on refurbed #iPad (first gen) models. RT: Apple offers great deals on refurbished 1st-gen iPads http://t.co/ukWOKBGd @Apple,1
Just registered as an @apple developer... Here's hoping I can actually do it... Any help greatly appreciated!,1
 ! Currently learning Mandarin for my upcoming trip to Hong Kong. I gotta hand it to @Apple iPhones & their uber useful flashcard apps  ,1
Come to the dark side @gretcheneclark: Hey @apple if you send me a free iPhone I will publicly and ceremoniously burn my #BlackBerry.,1
Hey @apple if you send me a free iPhone (any version will do) I will publicly and ceremoniously burn my #BlackBerry.,1
Thank you @apple for Find My Mac - just located and wiped my stolen Air. #smallvictory #thievingbastards,1
Thanks to @Apple Covent Garden #GeniusBar for replacing my MacBook keyboard/cracked wristpad during my lunch break today out of warranty.,1
@DailyDealChat @apple Thanks!!,1
iPads Replace Bound Playbooks on Some N.F.L. Teams http://t.co/2UXAWKwf @apple @nytimes,1
@apple..good ipad,1
@apple @siri is efffing amazing!!,1
Amazing new @Apple iOs 5 feature.  http://t.co/jatFVfpM,1
RT @TripLingo: We're one of a few Featured Education Apps on the @Apple **Website** today sweet! http://t.co/0yWvbe1Z,1
We're one of a few Featured Education Apps on the @Apple **Website** today sweet! http://t.co/0yWvbe1Z,1
When you want something done right you do it yourself... or go to @Apple. AT&T you're useless these days. #yourdaysarenumbered,1
We did an unexpected workshop for the #iPhone4S at @apple yesterday and we got an awesome amount of info #notjustaboutthephone @gamerchik16,1
&lt;3 #ios5 @apple,1
--- RT @Apple No question bro. RT @AintEeenTrippin: Should I get dis iPhone or a EVO 3D?,1
RT @imightbewrong: I'm OVER people bitching about the #iPhone4S... I think it's the smartest phone I've ever had and I'm very happy.   : ...,1
I'm OVER people bitching about the #iPhone4S... I think it's the smartest phone I've ever had and I'm very happy.   :)  Way to go @Apple!,1
@Twitter CEO points to @Apple as 'corporate mentor' as @iOS signups triple http://t.co/GCY8iphN,1
At the bus with my iPhone ;) thxx @apple,1
@azee1v1 @apple @umber AppStore is well done so is iTunes on the mobile devices.  I was talking about desktop app.,1
NYTimes: Coach Wants to See You. And Bring Your iPad. http://t.co/J2FTiEnG #iPad @apple set red 42 red 42 hut hut @NFL wish I had an #iPad,1
@apple @jilive @DanielPink: Apple sells 4 million iPhone 4S units in first weekend ... Steve Jobs brilliance lives on for ever! #iphone #RVA,1
@bkad5161 than apologize to @apple ;),1
@Apple downloads of iOS 5 are proving popular with users  -- http://t.co/NSHLfiUX,1
Lmfao look at the argument I had with Siri !!@ijustine @apple http://t.co/D4VjL7SI,1
Incredible: 4 million iPhone 4Ss in 3 days. 135% better than the iPhone 4 http://t.co/1FMJxTMM @apple #iphone4s,1
Save me from #HP's unwanted OS! Help me buy an #iPhone! I have seen the light! #lol http://t.co/8gUP9Acz #backchannel @apple,1
Well @apple fixed my #ios5 battery drain problem with a replacement iPhone 4 -- it's working like a champ now,1
Currently ordering a BRAND NEW MACBOOK PRO!!! Bahhh... my MacBook is 5 years old. I'll miss it. But it's time. cc: @Apple -,1
you are so blessed. @apple,1
#Siri now knows who my dad mom brother and girlfriend is.  Thanks @apple,1
Well at least the @apple store has amazing call waiting music! #need4s,1
#sweet... #apple replaced my glass #probono. thank you @apple,1
Not Bad! @Apple Sells Over 4 Million #IPhones in Debut Weekend - Bloomberg http://t.co/AVSl3ygU - #smartphone #sm RT @VinodRad,1
loving new technology from @apple iPhone 4s mac air and iCloud are unreal #technology,1
I'm loving this new IOS5 update :) @apple,1
Another mention for Apple Store: http://t.co/fiIOApKt - RT @floridamike Once again getting great customer service from the @apple store ...,1
Time to go get my iPhone 4s.  Looking forward to sticking it to the man by no longer paying for most texts.  Thanks @apple.,1
hey @apple I hate my computer i need a #mack wanna send me a free one.,1
Thank you @apple. My new gf(iphone4s) is great!  She does everything!,1
#iCloud set up was flawless and works like a champ! To the Cloud @Apple,1
@Wisconsin_Mommy @Apple I'd totally email the company... I always get great service at our @Apple store!,1
@apple loving the new IOS5 upgrade for the iPhone!,1
The nice @apple tech support guy fixed my iTouch =D,1
Once again getting great customer service from the @apple store at millenia mall.,1
Is it just me or is #iOS5 faster for the iPad? @apple,1
I love our @apple imac even though I haven't seen my hubby in 3 days now! #geek,1
making the switch from @Android to @Apple #iphone #iphone4S #smartphone #stevejobs (@ Apple Store) http://t.co/kj6pJvkH,1
So THANKFUL for the incredible people @apple for going above and beyond and offering to and replacing my  water-damaged Macbook Pro!!! Wow!,1
Play on ma man. Loving the camera in the #iphone4s. Well done @apple  #fb http://t.co/tmdFqRe1,1
So yeah... @apple #iOS5 #readinglists have changed my life. #nowicanspendevenmoretimeonmyphone.,1
@Apple Safari Reader owns the worldwide web,1
I love @apple service . My case has cracked 3x and I go in and they hand me a case and I walk out,1
#10twitterpeopleiwouldliketomeet @coollike @TheGadgetShow  @thelittleappkid @Jon4Lakers @BenRubery @Apple @twitter @FXhomeHitFilm  (-2),1
Said to have laid out the next 4 years @apple.Jobs last iPhone is 2012 not the iPhone4S. iPhone(4G/5) 2012 is magical! http://t.co/DxxklUBp,1
Kind of excited. On my way to my last class right now and then going to the @Apple store so buy #MacOSC Snow Leopard and Lion :-),1
i used to be with @blackberry over 4-5yrs .. after all the disruptions and lost gigs thx to their service im moving to @apple #iphone,1
Apple sells 4 million iPhones in 3 days @apple keep doing what you are doing because you are doing it well! http://t.co/ZZc6bE0w,1
Yessss! I'm lovin the iPhone update especially the slide down bar at top of screen =) good job @Apple.,1
4 millions in a weekend 16 #iPhone4S per second. This is madness?! no this is @Apple !!!,1
.@apple you got me. I'm now invested. MacBook Pro next year. Time to get on selling more of my #android gear,1
@iancollinsuk @apple I like what you did there...!,1
I just sent my grandma a post card using my #CardsApp thanks @Apple,1
Sorry @BlackBerry I'm moving to @Apple.,1
@KostaTsetsekas @apple Putting it in the wash is kind of the equivalent to Will it blend? Glad to hear it's still alive.,1
Laundering Ari's iPhone not my finest moment. But after drying in bag of (organic :-) rice for 4 days it booted up!!!!!!!!!!! @apple,1
Bravo @Apple! http://t.co/BgoTzj7K,1
God Bless @YouTube @apple for  #appletv & our bad ass system. LOVING #PrincessOfChina. GB to @coldplay & @rihanna too :),1
Been off twitter for a few days as I smashed my iPhone but @apple were very nice and gave me a new one :),1
Thank you @Apple iOS 5 for email pop up on the lock screen and opening it when unlocking.,1
One word - #wow. RT @jldavid iPhone 4S First Weekend Sales Top Four Million: http://t.co/Zx5Pw0GT (via @apple),1
This good here iPhone will do me VERY well today. Thanks to the gods that are @apple.,1
RT @MN2NOVA: Love ios5 Easter eggs. Pull down from middle top to bottom and see what pulls down. Awesome little feature! #ios5 @apple,1
Love ios5 Easter eggs. Pull down from middle top to bottom and see what pulls down. Awesome little feature! #ios5 @apple,1
Love #ios5 Easter eggs. Pull down from middle top to bottom and see what pulls down. Awesome little feature! @apple #lovemyiphone,1
Updated my iOS and started using cloud services. Pretty bad ass @apple my #iPhone 3GS still the champ.,1
Gone for a run beautiful morning  man do I love iOS 5 @apple #iPhone,1
@apple your simply the best.,1
I must admit @apple has made me a very happy camper! I have text tones now! Lol! Ring tone: #MakeMeProud Drakes vers! Text tone: Nicki's,1
Day305 I'm thankful for the great customer service received today from @Apple via phone CS new phone on the way #365daysofgratefulness,1
S/O to @apple for replacing my phone for free,1
Loving the new iPod update @apple,1
@alexlindsay My wife upgraded her iPhone 4. I think Siri alone is worth the upgrade. Looking forward to @Apple continuing to enhance Siri.,1
RT @tomkeene Thx @instagram Thx @apple #hypo #D-76 #tri-x http://t.co/BPPJwncp,1
@SteveJobs being honored tonite @Apple...A truly great loss to the world.He will so be missed,1
Thx @instagram Thx @apple #hypo #D-76 #tri-x http://t.co/D7EeJHBT,1
Loving my new #iPhone4S thanks @apple for #ios5,1
i love this. so much. thank you @apple.  http://t.co/Ui8lOEzX,1
@apple the iPhone 4s is great #genius,1
@apple Cards app notifies me the card I sent has arrived at local post office and should be delivered today... Sunday. Truly is #magic.,1
Love my new I0S5 @Apple updates. Just when I think it can't get any better somehow it simplifies my life more. That's right-it's an Apple.,1
@apple Siri is amazing,1
@rygurl you need an @apple iphone4S with Siri!,1
Meet #Siri your new iPhone butler. Click the link and be amazed by all it can do: http://t.co/lvfFdCEL @Apple,1
So I am using my work PC (NEVER EVER) to get a feel for it; it has the worst speakers ever!! @apple you have spoiled me!! #imamac,1
I  @Apple http://t.co/a8on3IAa,1
@apple just got the new iOS5 upgrade with iMessage...good luck surviving now @BlackBerry,1
Loving #iOS5 !! #awesome @Apple,1
RT @MattyRiesz: @kathrynyee You were right an iPhone is a must have. #addicted {WELCOME TO THE @APPLE CLUB},1
Thank you @apple for your innovations. Exhibit A: Guy playing with Facetime instead of watching game at sports bar. http://t.co/oU7K39ge,1
@blackberry boo hiss!............@apple wuhu!!!!!!!! When will my berry powered technology actually work??,1
@apple by far the best iPod and first time iPhone ever.... Good job guys,1
Thank you Steve @apple store 5th av. http://t.co/nSAisriP,1
@Apple's Siri is witchcraft.  What's next @googleresearch. 2 yr lead lost?,1
@Apple iOS 5 is sweet! Notifications phone search covers mail now wifi sync iCloud backup and integrated Twitter are all well done.,1
RT @katebetts: Another great James Stewart story in today's NY Times about importance of architecture in @apple retail success http://t. ...,1
Another great James Stewart story in today's NY Times about importance of architecture in @apple retail success http://t.co/Kniz452s,1
I &lt;3 @apple http://t.co/ondXWpEr,1
Welcome to the twitter world @MarkStuver. This is due to #iOS5 and @apple thanks guys.,1
Impressive service @apple genius bar metro centre. Power cable replaced free n booked in for screen replacement for free :- D,1
RT @deb_lavoy: the nice guy at the @apple store replaced my phone gratis when I showed him the hairline  crack on the screen. thanks @apple,1
the nice guy at the @apple store replaced my phone gratis when I showed him the hairline  crack on the screen. thanks @apple,1
My iPhone 4S battery lasted longer than a day. That hasn't happened since my edge iPhone. Nice job @apple.,1
It would have taken me 15 mins to write this with my #Blackberry. Thank u @Apple 4s for converting me and showing me the grass is greener!,1
RT @herahussain: @RickySinghPT got a new backside for my eye phone! V impressed with @apple,1
@RickySinghPT got a new backside for my eye phone! V impressed with @apple,1
#iPhone 4S in Space http://t.co/jINNHVwz this is amazing #creative @apple your products inspire people to do unbelievable things,1
Thank you @apple for making my iPad 2 feel like new again with your new iOS 5!,1
_ibertaddigital.tv/ iPad a briliant SteveJobs produck http://t.co/00ohfLY6@Apple present... http://t.co/DBbWSDpx,1
Using my awsome iPad... I love it. I love my MacBook too and my iPod. It's all amazing! I love @apple,1
@apple iOS 5 upgrade done ...... Much better feature..... Few more feature required,1
New iOS 5 update is THE BEST. iloveyou @apple,1
Finally got my iPhone 4S thanks @Apple. Stupid @att. Learned my lesson.,1
I absolutely love my iPhone 4S. Thank you Steve and @apple.,1
@apple - you have invented a product that actually gets my brother to call my parents when he gets where he's going. Amazing. #siri #ipod4s,1
dammit listening to siri is making me want to upgrade. well played @apple.,1
Create new folders from within your photo album in #iOS5 finally!! Thanks @Apple that's been a thorn in my side for a while. #newfeature,1
Video card on @Kimaris workstation died after just six months. So long @hp. Hello @apple.,1
@Blackberry & @Facebook U R really about to make me throw this @Blackberry in the trash an get an @Apple iPhone! @Facebook upload issues!,1
#iOS5 update submitted to @apple! Thanks for all the support!,1
Awesome service from the @apple store in pc. Thanks chris!,1
RT @To1ne: .@apple thanks for fixing this... http://t.co/wTj1ogDO,1
I am crazy about #iOS5 . The photo cropping is the best! @apple,1
.@apple thanks for fixing this... http://t.co/wTj1ogDO,1
Hell yes!!! Got my contacts back!!  Thanks @apple,1
RT @SawyerHartman: I FU*KING LOVE YOU @APPLE this phone is the best thing ever !! SIRI = BEST THING EVER MADE,1
@apple has changed life.,1
Mad props to the @apple employee that didn't charge me to replace the back plate on my iPhone! Made my day!,1
@jonsibley Actually the @Apple  mouse is pretty sweet man.,1
The #iphone4s is  amazing. Siri's voice recognition is absolutely a step above previous attempts. Bravo @apple,1
Finally got the @apple IPhone thanks to @sprint getting with the times,1
#iOs5 is nice and as it had to be ! Thanks @Apple,1
Good support fm Kevin @apple #Bellevue store 4 biz customers TY!,1
Just downloaded IOS 5. It's better than I expected! #thankyou @apple,1
Wow I am loving this new @apple update for my touch. #coolness Well done,1
@Apple: Siri is amazing!!! I'm in love!,1
Love love love iOS 5!! @apple,1
RT @cjwallace03: So apparently @apple put MB cap on your SMS with the new update. 25mb storage before it tells you your inbox is full. W ...,0
RT @Jewelz2611 @mashable @apple iphones r 2 expensive. Most went w/ htc/galaxy. No customer loyalty w/phone comp..,0
@mashable @apple iphones r 2 expensive. Most went w/ htc/galaxy. No customer loyalty w/phone comp..,0
THiS IS WHAT WiLL KiLL APPLE http://t.co/72Jw4z5c RiP @APPLE,0
@apple why my tunes no go on my iPhone? iPhone lonely without them. silly #iOS5,0
@apple needs to hurry up and release #iTunesMatch,0
Why is  #Siri always down @apple,0
I just need to exchange a cord at the apple store why do I have to wait for a genius? @apple,0
@apple AirDrop #fail - Immediate declined your request. every time,0
good article about why @apple fucked it all up with lion and their future. http://t.co/zNDP9Vr6 #fb,0
RT @radlerc: Yellowgate? Some iPhone 4S Users Complain of Yellow Tint to Screen http://t.co/uaqrxTNk @apple @iphone4s,0
Yellowgate? Some iPhone 4S Users Complain of Yellow Tint to Screen http://t.co/uaqrxTNk @apple @iphone4s,0
The one #iphone feature still missing since @apple first showed it.. Contacts pictures on the contacts list! Simple yet 5 major updates miss,0
Asked siri is she dreams of electric sleep. Was disappointed that she didn't have a snippy answer.  Missed opportunity @apple,0
@paulens It surprises me that @Apple throws up an error alert about authorizing and there's no Authorize this computer button.,0
@Lisa_Marie1987 shhhh. the evil sith lords @apple may hear you ha!,0
FUCK YOU @apple DIE IN A FUCKING BLAZE INFERNO.,0
Oh @apple. Steve obviously had nothing to do with iPhoto as it's the perfect opposite of 'insanely great'. Get it fixed please.,0
OMG @apple WHY THE FUCK DID YOU DELETE ALL MY MUSIC YOU DICKS,0
@ryanbaldwin @apple So in iTunes I go Store -&gt; Authorise why doesn't it just auto-authorise it when I sign into iTunes? Grrrr...,0
Seriously - I have absolutely no offing clue what @Apple means by authorization nor how to do it.,0
Boy could @apple make it any harder to put my purchased music from the cloud on to my new macbook pro? You must authorize this computer,0
shit shit shit. IOS5 update ate all my apps data and media just like @apple said it would. This is going to take some time to rebuild.,0
. @apple & @AT&T u cannot tell me there isn't at least 1 64GB iPhone 4S in LA or Vegas!! Give me a fucking break!!!!,0
Love @apple downloads. 4 hours and i-pad now wonky! #ripstevejobs #thenonsensepersists #neednewipadguide #fatfuckingchance,0
Dear @apple My new Air is now a notbook since your update killed #wifi #bug #destroying #productivity,0
I am so done with @Att and @apple 's profitering and lack of customer service so fucking down with both!!!,0
It would be great If @Apple would send my new phone. #frustrated,0
@apple thank you for ruining my 3GS with #iOS5. You've just turned my phone into an utterly useless pile of shit.,0
@rogerweir no but I have the option of a  replacement iPhone 4s ?Not sure if I want one after having 2 duff iPhones.@O2 @iphone4s @apple,0
So apparently @apple put MB cap on your SMS with the new update. 25mb storage before it tells you your inbox is full. What is this 2001?,0
You know @apple It's been almost a week since I paid for iTunes Match I would really like to use it. Any ETA on a fix?,0
removing all @apple shit.,0
So @PhoenixSwinger 's iPhone 4 is giving her a hella hard time w/ the iOS5 update @apple,0
What??? I that sucks hello @apple RT @PhoneDog_Aaron Interesting note - DROID RAZR's battery isn't removable.,0
@Apple can't send me an iPhone preordered 1hr after launching but they cans send 5 or 10 to all the jackasses who want to shoot or blend 'em,0
Gotta say the @Apple itouch iphone shuffle etc.. sound quality is AWFUL.. painfully crap. Its been a downgrade from @Sony sound quality wise,0
@bisquiat @Apple the upgrade just slows down my phone so much it's stuck half the time. uch. thankfully no other damage. sucks for you :(,0
@Mayati I think @Apple didn't do such a thorough job with the step x steps for upgrade and move to iCloud. Now it's cost me mightily.,0
Hey @apple now I have iOS5 my iPhone doesn't include songs that are on compilation albums under the artist's name. #whaddupwitdat,0
@NickTheFNicon He can send but not rcve txts so he has an apt @apple at 4pm.Then he exclaims: And I waited a whole YEAR for this phone!!LMAO,0
Total chaos at @apple store regent street. Like an Ethiopian feeding station. Can't believe this is same co. that makes all that cool shit.,0
@FishMama: If you made a purchase just wait for the @apple survey! hate going b/c of the bad #custserv,0
Correction: @ Best Buy kudos to Chris @ Alamo Ranch S.A. TX-fixed issues couldn't resolve after 1/2 day w/ @ATT & @Apple. Hero of my day!,0
@phxguy88 @Apple @BGR That's why all the ppl who stand in line for hrs to get the newest model are suckers...,0
Would it kill @apple to put a braille type bump on their earbuds so we know which bud is R and L in the dark.,0
@APPLE Wow @MOTOROLA Just crushed your dreams....,0
RT @phxguy88: Oh just fuck you @apple. Already?? ---&gt;  iPhone 5 on schedule for summer launch? http://t.co/Ofh9PTaG via @BGR,0
Oh just fuck you @apple. Already?? ---&gt;  iPhone 5 on schedule for summer launch? http://t.co/Ofh9PTaG via @BGR,0
@apple No I won't wait until thursday for an available appointment just so a 'genius' can tell me I'm shit out of luck. #now,0
WTF?!?! @apple the new iOS 5 doesn't allow you NOT to get push notifications from newstand? and SIRI just keeps yapping FUCK!,0
@Apple on the #iPad with #iOS5 why has the Messages Icon been included when it can't be used?,0
@Steelo254 yea! I pre-order through @apple and they sorry too just like #AT&T,0
Interesting... @apple now requires you to have a reservation ?         #apple #iphone #4S    :  http://t.co/zZK4fTii,0
@apple why is my iPhone battery so crappy #fail,0
My @Apple @macbook keyboard will not type :(,0
Why doesn't @apple iCloud sync Stickies? They've always been around just nothing every progressed w/ them!! Why apple why?  @gruber,0
@apple your new Save a Version function in Pages is absolutely the most awful interrupting counter-intuitive piece of crap in the world,0
I hate my @apple computer.  Thats 3500 dollars down the drain.,0
@apple my iPhone is charging very slowly!!!!!,0
@Apple #iOS5 gm on ipad1 is very slow wash better on beta7/8 solve this problem or give me the ipad2,0
@apple Wish I could pick month day and YEAR when setting a new calendar item on my iPhone. Why hasn't the new iOS fixed this yet?!,0
@Apple iTunes is the worst program ever. For such a great phone you make some awful software.,0
One would think the voice recognition on the @apple tech support line would work a little better.,0
@apple $319 to repair my iPad 2 Apple you've lost me and my $700 a year Android here I come!,0
@azee1v1 @apple @umber Proper consolidation proper syncing stop losing my PURCHASED items checkboxes that do what you think they will do.,0
@AsimRang @apple @umber the desktop app is wack though,0
I made a reservation and yet I still have to wait in line. Humpt! Oh @apple (@ Apple Store w/ 2 others) http://t.co/JZmVBdNm,0
Frustrated that I bought a new macbook pro from @apple only to find it doesnt ship with media! #expensivepaperweight,0
Dear @apple. I had to turn off all those awesome featured you just enabled. Data plan can't handle it. 200 mb of data just because #,0
#DontBeMadAtMeBecause #Android is by far better than @Apple,0
@apple is there a problem with iOS 5 that is preventing audio apps and audio functions from operating properly? I keep losing sound.,0
@apple #apple One thing I hater about this #mouse the #buttery finish so fast am not #happy now #macworld @macworld http://t.co/5Uh4a4Vt,0
Hey @Apple: stop sending your automatically-depreciate-all-iPhones-older-than-the-4s signal. My #iPhone4 is dying rapidly processor-wise.,0
Only thing bad about the new @canon camera is that it has two compact flash cards... not one of SD. SD goes in my @apple computer. Damn you!,0
Wtf @apple 64 pages for the new terms & conditions when u update ur apps from the iTunes store. Do u really think we'll read em? Really???,0
fuck u @apple,0
oh and prolly ganna be late to work bc @apple has screwed me and my phone has my only alarm on it,0
why the fuck dose my phone decide its just ganna freeze every time i try to update it so fucking sick of @apple,0
. if u need me just text me o wait u i wont get it cuz @apple fucks me every time #fuckingpissed,0
iMessage doesn't show the time a message was sent annoying @apple,0
Like @apple da fuck is this shit?  http://t.co/nb4DHlSg,0
RT @CircusTK: I'm wit chu!! @ShayDiddy: Officially boycotting @ups!!! Calling @apple to curse them out next for using them wasting my t ...,0
Damn it @Apple!! Whatchu done to my phone??,0
Samsung seeks iPhone 4S ban in Japan and AustraliaPatent war intensifies with injunction sought against @Apple http://t.co/QmwjTvnk,0
@apple why is it every time there is iOS software update my iPad goes dead and I need to totally restore? #fail,0
@apple #iOS.5 has been nothing but a pain in the ass no room for my music.. Or photos.. Or apps! Can I undo this garbage??,0
@apple the reservation system not working shows no products avail let alone iphone 4s I had the site open in 3 browsers at 9 PM and nothing,0
RT @RedDeerSteph: @Joelplane @apple I hear you! I've had trouble with my 3 & now 4. I've even turned down brightness. #andshuttingdownru ...,0
@Joelplane @apple I hear you! I've had trouble with my 3 & now 4. I've even turned down brightness. #andshuttingdownrunningprograms #nohelp,0
@albertmal88 remember @apple is evil. #icloud entering the #dropbox market,0
I know a few others having same issue RT @Joelplane: 9% now on my second full charge of the day. Pissed @Apple,0
9% now on my second full charge of the day. Pissed @Apple,0
RT @ShayDiddy: @CircusTK @ups @apple both of them are bs!!! How do u tell me go between a certain time ONLY and the muh fuh is closed!,0
I'm wit chu!! @ShayDiddy: Officially boycotting @ups!!! Calling @apple to curse them out next for using them wasting my time!,0
ugh! @apple youre reservation page for the iPhone is NOT working.,0
iTunes is @apple's worst product. Worse than the #Newton or the hockey puck mouse. It's utterly painful to use.,0
Der iCloud I HATE U  AND I HOPE YOU DIE  YOU ARE THE WORST FUCKING INVENTION IN THE WORLD  FUCK YOUUUUUUUUUUUU #iCloud @apple @stevejobs,0
i update to ios 5 and lose everything on my phone and it wont let me sign into my itunes account... thanks @Apple,0
Suddenly lost all address book on @3GS iPhone. And someone was using my @Apple ID. It all fucked up.,0
oh.. my iphone is overcapacity huh?! -____-  @Apple won't let me be great!!!,0
Issues with updating iTunes on my windows pc - they really are not compatible.... Sent more time talking to @Apple care than using it!!,0
@apple u guys are gay,0
Restored my iPhone. STILL NO TEXTS. DEAR @APPLE Y NO LOVE Y RESTRICTIONS ON MY SMS?  Y NO TEXTS.... #iOS5 #iOS5atemydingo,0
none of my apps work after the new ios from @apple. what do i do?!?,0
Seemingly endless loop of calls to @apple @ups @verizonwireless to investigate my missing #iphone4s. #crankywithnophone,0
@Wisconsin_Mommy @apple that's terrible!  I hope you get an apology!,0
@zombiebomber have been on the phone with @verizonwireless and @apple pretty much ever since then. Really annoyed.,0
@chascouponmom @apple I get they are busy w/ the new phone but I just wanted to buy a stylus. they made me wait forever outside & never,0
@apple @iphone Please deliver my daughter's i4s she is driving me nuts #iphone,0
@sprint @bestbuy still no word on my iPhone4s preorder.  Best Buy blames Sprint Sprint blames @apple I just want an honest answer.  #help,0
Hey @apple the SMS full message is complete shit. Yes I'm annoyed.,0
Have never had such poor customer service at @Apple before! What happened? (@ Apple Store w/ 2 others) http://t.co/GKlXMUi6,0
@Apple your service experience is really fucking slipping (except for cute eyelash batting girlies). (@ Apple Store) http://t.co/dOHDEnMg,0
Had ma Ipas not 24 hours an I jailbroke it...now its SHAGGED itunes won't letme restore it @apple SYM!!!!,0
@hailfire101 @Irvysan They are... then @apple happened and snatched Siri so they could be douchebags and say 'it's ours!',0
What was @apple thinking making #Siri totally dependent on a network connection? Siri + @ATT = utter frustration.,0
Wow the Genius Bar Reservation Line @Apple is ridic right now - ___- I am not amused. #ugh,0
Where is my iPhone!?!?!?!@apple,0
@apple battery life suck on iOS 5,0
An apple update has seemed to render my work machine incapable of opening HDV video. Thanks @Apple. Zero useful productivity today.,0
@apple I committed to your cloud storage iDisk and now it's raining :-( so soon no more iDisk.  Any plans for a new service for storage?,0
Hey @apple why can't I share a reminder list from my iPhone?Also why can't I login to the iCloud webpage to modify sharing from my phone?,0
Apparently fuzzball crashes on #iOS5. Congratulations @apple on another incompatible upgrade,0
could @apple lion please integrate vertical spaces in mission control. this horizontal business is making me nauseous,0
Can someone plz explain to me whhyy @apple is only distributing 2-3 phones per day to the sprint stores. I'm really ... http://t.co/uf9taK8f,0
GAH. @apple iOS 5 opens text messages painfully slow on top of 3 restore attempts 2 succeed. Early adopterness gets better of me.,0
Dear @apple: Why did all my PDFs and ePub files disappear from ibooks in my iPhone post ios5 upgrade? This hurts. #3GS #needsomethingtoread,0
@CBM: Lies @apple. the battery on this new iPhone4S is definitely not any better. &lt;&lt; check Settings: 8 times more App usage in iOS 5,0
As a huge podcast fan - I really feel like @Apple dropped the ball on this one. http://t.co/wvzPrbCI via @Carrypad,0
I don't really like Siri's voice. Perhaps @apple can get Star Wars voices just like @garmin http://t.co/pSUJg9pN,0
@carlton858: I really hate dealing with the brain dead people at the @apple store. For such good products customer service sucks. in NZ?,0
I really hate dealing with the brain dead people at the @apple store. For such good products customer service sucks.,0
You can make photo albums in the Photos app with iOS 5 but can't password protect them? Um... @apple fix that. Quickly.,0
Anyone else seeing missing signal bars on their #iPhone 3GS with an upgrade to #iOS5? cc/ @applecanada @apple @forstall,0
RT @CBM: Lies @apple. the battery on this new iPhone4S is definitely not any better.,0
@apple If you want to know what customers think dont send updates with the noreply return address. Who invented that anyway. #useless,0
Every time I try the voice control on my iPod Touch to send an iMessage it starts playing Who Knew by Pink.  Still not Flawless @Apple,0
should be studying/ doing work but no I'm hold with @apple HURRY THE FUCK UP! #nopatience,0
Ok Hindi keyboard in #iOS5 is something to cheer about.  But @apple  what about  support for 20+ missing Indian languages!? #FAIL,0
RT @ScottDugas: Warning: if iphone apps spontaneously loose data it might not be the app's fault - http://t.co/1SEsvWwm #ios5downgrade  ...,0
@betweensundays Ah! Yeah...should be an option...hopefully @apple figures that out. Thx,0
Waiting for items to copy in Itunes after everything DID copy goes on and on and on.  Come on @Apple what the hell?,0
@Apple unhappy again with service/product quality. Won't buy @Apple again.,0
Lies @apple. the battery on this new iPhone4S is definitely not any better.,0
@philipgrey: dear @apple why you gotta go change the way &lt;input type=number&gt; is handled out of the blue?,0
Been on hold with @apple customer service for 25 minutes. Wow lt's like they're #timewarnercable.,0
anyone else stuck in duped calendar/mail/battery sucking @apple hell? #iCloud and #OSX Lion are a disappointment,0
For being the inventor of the computer mouse  Why is it that @Apple has never made one that is not a complete piece of fucking shit?!!?,0
@Apple you're killing me. Excited about iOS5 no longer- tragic battery drain genius bar wants to replace the battery. Really?,0
1st impressions  of #iOS5- Disappointed w upgrade restore. Lot of apps & folders missing @apple do  how much time went in2 orging it? #fail,0
@PrJusto Don't question the @Apple they will remember your dissent!,0
@apple: Multiple times siri is having trouble connecting to the network.  Siri needs servers (and some exercise!),0
So my iMessage still isn't working! @apple,0
RT @JimMcNiel: if @apple does not resolve the #Siri network issues they will need to rename a great product to Sorri - Who else is havin ...,0
dear @apple why you gotta go change the way &lt;input type=number&gt; is handled out of the blue?,0
Ugh. WTF is up with all the bottlenecks @paypal @apple?,0
+1  RT @Doug_Newton: @apple PLEASE FIX #Siri!!!! She can't connect to your network!!!!!!!,0
@apple PLEASE FIX #Siri!!!! She can't connect to your network!!!!!!!,0
if @apple does not resolve the #Siri network issues they will need to rename a great product to Sorri - Who else is having issues?,0
any chance @apple will release good headphones that dont blast music outside the ears? #iphone #ipod its quite obnoxious,0
@Apple - #Siri is not working due to network problem? Seriously? Can you fix this? #iPhone4s #Fail,0
@trisha_ps @iCloud is Cloudy. @apple tech not very techy.,0
@electricsoup It has to connect to @Apple to process commands which it is failing to do right now,0
See @Apple that what's happen when you release iPhone 4S with same crappy design as the old phone!,0
This. RT @bonkoif Looks like @Apple did not appropriately project the resources needed for Siri. Not very reliable,0
Looks like @Apple did not appropriately project the resources needed for Siri. Not very reliable,0
Spoke to an @Apple rep on phone & could hear her tv blaring in the bg.  She said I can't actually help u just direct u back to the web,0
What's wrong with Siri today @apple,0
@Apple Siri is down!,0
I'm suspecting @Apple timed the health-decline of my iPhone 4 perfectly with the iPhone 4s release... My battery is seriously ailing.,0
on hold for another half hour. phone is ringing but no one is picking up.@apple you stink.,0
Ok this @Apple software update for the #iphone is taking waaaaay too long!#annoyed,0
@Apple would do better to inform customers properly about migrating to #iCloud - many complaints lead to #image damage http://t.co/QL7zmPpO,0
@apple does iOS 5 rape your battery life? or am I just using my phone a lot since getting it,0
@jane73 @Gazmaz hopefully it's a small bug @Apple must be fixing it. RIGHT  APPLE }:0( #itjustworks,0
@samsung @apple you do realise you're just really pissing off the customer base AS WELL AS looking petty.,0
@Apple - why do I have to have apps I am updating in their original 'folder' location? That was painful.,0
@apple domain fail. Open 2 hrs late for walk in ppl. Store was empty and i only need a skin 4 my screen. You represent customer service FAIL,0
@BrianMincey @apple the chipsets tear through battery life. Coworker has a htc thunderbolt that he gets about 3 hours of life.,0
I wish the Apple updater would stop trying to ram iTunes down my throat. I don't own a pissing iPhone @apple,0
Is it me or does my #iPhone run slower since the #iOS 5 update? @apple @Verizon,0
Just searching with my voice on my 2 year old nexus one @apple.,0
@apple your update server has been timing out for a week. i had to force a restore w/the new #iOS5 software. lost all my stuff. thanks!,0
#appleupdates2 success stories- iPhone & iPad 2.Now been on phone to Apple 45 mins. iPad 1 WILL not. Wasting my time @apple#Replaceit!,0
Thanks to a 90 minute wait on hold half an hour actually talking to someone the @Apple tech decides to send me an email to fix my phone,0
I am very upset about and inconvenienced by this iphone update failed backup. @iphone @apple,0
but seriously @apple finance me a damn phone you greedy bastards! OR Santa...get your jolly ass in gear and get us a 4S - white plz,0
My schedule is 2 busy 2 spend UNquality time with @ATT @Apple 2 recover Iphone again-The mo' mobile I get the mo' immobile I is. Sync Not!,0
Pondering the iOS update... From the sounds of @MikeFerri's difficulties I may just hold off :/ @Apple FIX IT!,0
@twalve @apple you know the issues they have with DST and alarms :p,0
Why book @Apple Genius Bar if after 2.5 hours you still can't be served. Disappointing Apple Store Sydney. #thanksfornothing,0
Apparently @Apple genius training doesn't extend to clocks & service. They're half an hour late for my appointment and couldn't let me know?,0
screw you @apple iOS 5. I can't download this crap and I'm tired of trying. Get this problem figured out about my connection timing out,0
Wow. iCloud's mail is down. 1st the iOS 5 upgrade issues and now this. I really hope this isn't @apple without Steve Jobs.,0
@apple  why don't you guys test your upgrades before you put them out. 15 1/2 hrs u guys wasted of my time yesterday. Thanks.,0
what is going on with all my @Apple products?! First my #iPad freezes (still is frozen) and then my #iPhone won't turn on!!! #techieTroubles,0
#iPad in perpetual restore loop after trying to upgrade to #iOS5 :(@apple sux without steve,0
2nd @apple genius apptment running late 2nd day in row for 2nd dodgy iPod . You make mega $$$ hire some staff.,0
It took @apple about 7 years just to figure out how to properly syncronize an iPhone.  WOW!  #ios5,0
@apple So I went to the 5th Ave store and was told I could wait about 4 hours to get a 4S. Needless to say I'm back at the hotel relaxing.,0
Overall I am a fan of the iPhone 4S; however my Siri has issues connecting to the network @Apple,0
Terrible customer service at Los Gatos @Apple! Why do I have to pay $199 for a bad home button on my iPhone?!?,0
@Apple thank you for sucking so much. I cannot believe you would sell something online that isn't made,0
Having major battery drain issue since updating iPhone 4 to iOS 5.  Anyone else? @AppStore @iPhone @apple,0
Dear @apple please send me my Mac Book back surely the repair is done by now... Thanks!,0
@apple thanks for ios5 - loving having my music breaking up like I'm talking on a mobile (cell) phone. Bring back functional 4 #iosdonwgrade,0
@Apple #iOS5 on iPhone2 causes Camera apperature dilation problems & freeze.,0
@Apple #iOS5 #geolocation Suburbs with 2 words drops Map Pins in other States! Please fix.,0
Sorry @apple but #iMessage will never be what #BBM is. Disappointed.,0
Iphone 4s siri doesn't work for shit @apple,0
Clarence Thomas must have designed the new OSX lion tossing decades of workflow standards @apple bring back save as! #autoSaveSucks,0
i officially HATE @apple... fix your damn itunes.,0
Dear @apple your staff at the Little Rock store answered my first 3 questions with I don't know. they weren't hard questions.,0
@semilshah yeah except that when you ask for a receipt it takes them 30 minutes to figure out where it printed out. Fix that @Apple!,0
RT @JDougyJ: hey @apple do you wanna fix my fucking playlist order you piece of shit,0
Bummer!  My @Yahoo! iPad fantasy football app keeps crashing; not sure if it's the app or the new @apple iOS 5. Only two apps running.,0
@Apple can suck my dick gotta restore my ipad #annoyed,0
The line at the @apple is just STUPID,0
@nansen Man that sux! @apple io5 upgrade a total #fail for you!,0
Dear @Apple Contacts you are terrible. I just cleaned duplicates for 3 hours and they magically reappeared. Fix it.,0
Is it too much to ask which app is incompatible @apple? http://t.co/yKqip7nk,0
Pissed with whoever designs keyboards with @apple for not having a home and end key.  working on the CLI i use those keys often,0
@NoVaTyler @apple Most of mine are gone too! Not recovered after I saved them b4 I upgraded my iPhone! Soooo pissed!,0
hey @apple do you wanna fix my fucking playlist order you piece of shit,0
Siri is having a hard time remembering who my sister is. contact card needs space for family info. #iPhone4S @apple,0
#ios5 getting sloppy @apple. U need to check your QA team. Too many issues with apps data and syncing,0
RT @nansen: so this SMS full message is known @apple issue with new iOS5 update. trying restore. When all else #fail - restore.,0
So glad that I paid $69 for this @apple care protection plan.  Been on hold for over 20 minutes now.  Great customer service. #NOT,0
not happy with @apple right now. the upgrade to my itouch4 took out my itouch and laptop. #help,0
All I can say about @Apple right now is #GoodRiddance  See? Cancer isn't ALL BAD!,0
@twitter can you look at problem on iPad where it won't open @ messages. It just crashes the app. You too @apple maybe your fault.,0
@apple What's the point of iCloud wireless updates when ios5 now forces me to use the computer to charge my ipod touch now? #worstupdateever,0
@robert_terpstra no worries bud ps: they're saying that the 4s is having a lot of network issues right now. (I'm @apple for mac problems),0
I hate you @apple for not sending Toledooh @bestbuy any @iPhone for @verizon even after I pre ordered!!!,0
@pmphillips @apple If my non-Apple equipment broke this often I guess I'd need an Asus genius bar. But it doesn't so I don't :-),0
Why is the new @apple iPhone OS duplicating all my iCal events? There's 2 of everything. How do I fix it? (tried turning iCloud off),0
Dear @Apple how convenient/handy/thoughtful/smart that after iPhone #ios5 update you're apps won't work anymore! (none!!!) :( #gr%\mbl^.%),0
Hey @Apple...I know Steve Jobs died & all but my Twitter for iPad app keeps crashing...Fix it...NOW..please..lol -F.Light,0
@apple not happy with Apple today. I did the suggested software update and now nothing works!!!,0
Smashed yet another #iPhone screen. When are @apple gonna make the phone more durable!!! Tired of fixing it myself!!!,0
IOS5 has one problem when i save someone in my contacts they don't show his nam becuz of the region/ +965 @apple #apple,0
I sure as hell better be able to restore my calendar events. Terrible bug apple! @apple #icloud #anothericloudfail,0
I really hate that @apple won't let you hide the Newsstand app or move it into a folder. It serves no purpose for me.,0
Life was much easier when @apple and @BlackBerry were just fruits!,0
@apple No location reminders on ipad2! That was the point of updating to iOS 5,0
Comparing @Office #live with @google #apps and @apple #iCloud  I do not see #iCloud leading the crowd. Do you agree ?,0
RT @MikeFerri: If @apple doesn't fix iOS5 this week I'm buying a droid #emptythreats,0
Turns out my computer isn't as fixed as it is meant to be. Fuck you @Apple I'm going back to your Genius Bar to complain. #annoyed,0
If @apple doesn't fix iOS5 this week I'm buying a droid #emptythreats,0
@apple pls launch #Siri on iphone4 .. Disappointed after spending hours for upgrading to iOS5..,0
@apple you can suck it you and your fucking iPhones better be glad it's all I like cause the service Is fucking terrible,0
This is the first time I've been unhappy with any @apple product... Disappointed and the Internet seems as confused as I am right now.,0
After a week or so with @Apple's #iOS5 I'm considering going back to #jailbroken 4.2 - same features as 5 plus more. Not as stable though.,0
Had issues with #Siri reaching network today. Too many uses or my signal? @apple,0
The new iOS5 completely failed at upgrading the phone. Now I'm stuck in this restore loop. Thanks @apple for wasting my day. Can i undo?,0
Is it me or does #iPhone4s run a little warm sometimes? @apple,0
@apple WTF why can we not add the newsstand to a folder?! We are already in your walled garden so please don't remind us of it.,0
@apple just now seeing none of my Microsoft Office programs work anymore after Lion upgrade. Why??,0
Dear @Apple I don't want the newsstand icon on my screen. #notcool,0
@Blackberry does take better quality photos than @Apple iPhone though. I give them that! #photograhersEye,0
Ok @iTunesMusic idk wth is up but after syncing my phone my album art is out of order! WTF @Apple!,0
I wish Siri could tweet for me . @apple fix that .,0
@apple I'm still waiting for you to deliver my phone to @sprint,0
I will never purchase another @Apple product for the rest of my life. I am glad Steve Jobs is fucking dead. MAY YOU FUCKING ROT IN HELL!!!!!,0
Thanks to @Apple my new iMac is a brick. I cannot re-install Lion and I cannot purchase it because it was installed by the former owner.,0
Asked #Siri Where's Baby Lisa? and was told sorry I'm having trouble connecting to the network right now. @apple server fail. #ios5,0
Only thing #iOS.5 has done is deleted my tiger woods game and made impossible to retrieve. Thanks @Apple!,0
Damn you @apple for breaking wififofum! It continued to work in ios 4. Was one of my most used apps. Damn Apple's overbearing policies!,0
yo @apple this update is a disaster,0
Dear @AppleCongratulations I am suing my insurance company and you just managed to make it to the top of my shit list. #Ineedthosepictures,0
Dear @Apple: You must let me turn off iCloud to save bandwidth and NOT delete EVERY document on my iPad. That's BULLSHIT!,0
RT @JoelBurns: Dear @Apple it's me again. Thank for beautiful new iOS features. But I miss some of the old ones. Lk making calls & texts&gt;(,0
By far the worst experience upgrading out of any version of iOS @apple #iOS5,0
What happened? RT @xCuntNuggetx: Never purchasing another item from @apple.,0
Never purchasing another item from @apple.,0
RT @leiboaz: Wow worst @apple customer service experience ever. Arrogant and inept. Bad combo Biltmore Apple store.,0
Wow worst @apple customer service experience ever. Arrogant and inept. Bad combo Biltmore Apple store.,0
Hey guys at @Apple WTF is happening to #iPhone4 with #iOS5 suddenly fade to black and begin to vibrate continuously I had to reboot it,0
@hbogo @apple - why don't you play nice and let me use HDMI from iPad?  Pretty lame.,0
Warning: if iphone apps spontaneously loose data it might not be the app's fault - http://t.co/1SEsvWwm #ios5downgrade @apple @marcoarment,0
and only the first 23 images in my Photo Roll made it over? Seriously @apple how did you fuck this up so much?,0
@apple why does #iPhone4 plus #iOS5 equal half the battery life?,0
@apple why isn't my iTunes updating? I just wanna update my iPhone to IOS5!!! Then iTunes says that it needs to update to do it. Then fails!,0
Now @apple won't let me use credit on @iTunes unless I have a credit card. Should have told me when I redeemed the cards. Sound fair to you?,0
@amandbrar @apple Siri has worked for me less than 10% of the time. If service doesn't improve by Monday I'm returning my iPhone 4S.,0
@azrael: RT @DavideGori: And again #MobileMe is down. Issues when syncing accessing mail... is this a good premise for #iCloud? @Apple ...,0
need @apple help!! installing new ios on #iphone4 and am stuck on the Find My iPhone screen :( i keep clicking next but it doesn't work,0
Bummer that @Apple #iCloud syncs on Windows only w/ Outlook (not Thunderbird) & IE (not Firefox Chrome). #sadmac,0
Disappointing visual merchandising @apple. Simple but lacks elegance. And sequence doesn't even tell us about #Siri. http://t.co/XV2q3gfi,0
has been on terminal hold with @apple support!  She must not be the only person having trouble with the new iphone and synching!,0
@apple thanks apple for ios 5 and losing all my contacts!,0
@apple give me my apps back!!!,0
@Apple #iOS5 NONSTOP DROPPED CALLS&MUTE BUTTON RANDOMLY ACTIVATING&PERSON CANT HEAR ME PULL PHONE FROM EAR TO BE ON A MOBILE ME SCREEN,0
RT @tomcolontonio: Didn't it occur to @apple #apple that ppl share iTunes accounts amongst family's ?????Wtf!!!!,0
@tomcolontonio @apple #EPICFAIL,0
90 minutes after being at 100% my iPhone 4 (post #ios5 upgrade) has lost 40% of its charge and the @apple store folks are out of ideas.,0
So cutting the cord makes podcasts even harder to manage?!? No subscriptions! WTH @Apple? http://t.co/LD2i871x #iOS5 (via @carrypad),0
In less than an hour my post- #iOS5 iPhone has gone from 100% to 73% battery charge and the @apple store folks have no solution for me :(,0
Well @apple seems 2b screwing #iphone 4s resellars. They still dont have 4s. Yet were promised. Similar 2 Ma Bell's monopolistic prctices?,0
Also @EricGreenspan don't forget @Apple stop closing the app store after each bloody purchase...,0
@apple cu,0
*sigh* @apple store seems stumped what to do about my catastrophically bad battery life after upgrading to #ios5,0
Hmmmm a lot of #Siri features don't work in Canada. Location and directions? Seriously @apple come on!,0
@apple #siri can't connect to the network -- it's LESS useful that VoiceControl now... :(,0
@apple took my Siri and made it exclusive to iPhone 4S  #SoRude,0
total time on the phone with @apple: 1 hour 27 minutes. let's see how this goes.,0
Waited in line for nothing fucking genius @Apple called an app for John not jean stop fucking up my name im not a French boy. #PCam ...,0
Dear @apple One day you're going to release a version of iTunes that doesn't freeze more often than it works. One day.,0
It's been 24hrs since I reported @ups theft of my iPhone and @apple has done nothing. No return call as promised. Nothing.,0
This does not bode well. After charging all night my @Apple iPhone 4S has 25% battery after only 3hr off charger with no calls & light use,0
Houston we have a problem!! My iPad has been restoring for 12+ hours after installing @apple IOS5. This can't be right....,0
#Siri went down for a little while last night. Come on @apple! Get your shit together on this launch!,0
@ford should have teamed up with @Apple instead of @microsoft to make this SYNC system in my new focus. Car is sweet SYNC is #EpicFail,0
RT @gdcurry: Really @Apple?  What have you done to my iTunes now?  I can't click on Music Movies TV Shows or any playlists. I get a l ...,0
DAMN YOU !!! @apple,0
